,#Bitcoin is moving up â«ğŸ˜® https://t.co/dYRJukCvnv
0,DID YOU KNOW: Residents of Madeira who hodl #Bitcoin for over 1 year pay zero tax when spending it ğŸ™Œ
1, https://t.co/2gNKeQ1vNE
2,"#Bitcoin is the most SECURE financial asset in the world.â€ - Michael Saylor https://t.co/VJRN0J5yy0
#Bitcoin Point of Sales machines being deployed in Praia, ğŸ‡§ğŸ‡· Brazilâ€™s very own #Bitcoin Beach ğŸ™Œ

 https://t.co/4F99EKRrwv
Introducing a new monetary paradigm has never been easy ğŸ˜… https://t.co/tySyOqcNzg
BREAKING: #Bitcoin company Voltage partners with Google Cloud for 1-click Lightning Node setup ğŸ˜®ğŸ‘€ https://t.co/oqVLQe6Kwg
What is #Reef?

https://t.co/RhyMvDo73q

#ReefChain #Crypto #cryptocurrency #CryptoTwitter #Bitcoin #cryptocurrencies #cryptomarket #WINNER #altcoin #altcoins #AltcoinSeason2023 https://t.co/m01CFdyiYN
92.3% of all #Bitcoin  to ever exist have already been mined ğŸ‘€ https://t.co/8uRmGLPpx3
Walmart is paying up to 20% more for dry-food products than they were two years ago ğŸ˜® https://t.co/BsrllqrZOY
JUST IN: New record #BitcoinÂ mining difficulty of 50,000,000,000,000 hashes achieved at block height 792,288.

More computers are mining than ever before keeping the network secure. ğŸ™Œ

#bitcoinmining #bitcoinnews via @ChadMRedfern https://t.co/9booAPlTHl
#bitcoin bull-flag breakout on the 8 day chart ğŸ«¡ğŸ“ˆ #crypto https://t.co/ovfgNN2xKg
NEW - ğŸ‡ºğŸ‡¸ US Presidential Candidate Robert Kennedy Jr: #Bitcoin's Lightning Network opens up an exciting future with the guarantee of transactional freedom which is as important as freedom of speech."" ğŸ˜ƒğŸ‘€ https://t.co/2gUB6eb2XL"
3,The house is packed for a #Bitcoin meet up on ğŸ‡¸ğŸ‡» El Salvadorâ€™s Bitcoin Beach ğŸ™Œ https://t.co/UYXBTQ4JXg
4,How To Orange Pill Anyone ğŸ‘€ğŸŠğŸ’Š
5,by @NotAFiatWoman 
6,#bitcoinnews #bitcoinculture
7,https://t.co/lNxG0c0soG
8,Last night someone paid 10 million sats in fees for a single #Bitcoin  transaction. 
9,"They overpaid by 2,216X ğŸ‘€ https://t.co/RfccQB1Wmw"
10,Which #Crypto do you suggest buy next? $______ #shill meğŸš€ğŸ’ğŸ”¥ğŸ”¥
11,#cryptogem #CryptoGems #1000xgem #1000x #btcÂ Â Â Â Â Â Â #shillÂ Â Â Â Â Â Â Â Â Â Â  #BitcoinÂ Â Â Â Â Â Â Â Â Â Â Â Â Â Â Â Â Â  #Bitcoin2023 #bitcoinmining #SHIB #SHIBARMY #dogearmy #doge #dogecoin #Ethereum #BNBÂ Â Â Â Â Â Â Â Â Â Â Â Â Â Â Â Â Â Â Â #NFT #newsâ€¦ https://t.co/Usvb1u4QuN
12,#shill me your #favorite #altcoin #alt in the comments below! 
13,ğŸ‘‡ğŸ‘‡ğŸ‘‡ğŸ‘‡
14,#cryptogem #CryptoGems #1000xgem #1000x #btcÂ Â Â Â Â Â Â Â Â Â Â Â Â  #BitcoinÂ Â Â Â Â Â Â Â Â Â Â Â Â  #Bitcoin2023 #bitcoinmining #SHIB #SHIBARMY #dogearmy #doge #dogecoin #Ethereum #BNBÂ Â Â Â Â Â Â Â Â Â Â Â Â Â Â #NFT #news #CryptoNews #GEMâ€¦ https://t.co/cblYwvqve6
15,#Bitcoin  sentiment is currently coming in at a completely neutral score of 50. 
16,Precisely in the middle between fear ğŸ˜± and greed ğŸ¤‘ https://t.co/mirobbfZmJ
17,Family in ğŸ‡¨ğŸ‡³ China carries their grandmother to the bank because she cannot access her money without a facial recognition scan ğŸ˜±
18,#Bitcoin fixes this
19, https://t.co/I3fxmitVgp
20,NFT Market Shows Signs of Slowdown With Declining Weekly Sales and Lower 30-Day Totals
21,https://t.co/OXdzHMcDP9
22,NEW: Luke Broyles explains how people wake up suddenly after understanding #Bitcoin https://t.co/Xi3Ji653AA
23,Over 4 million #Bitcoin lost forever. https://t.co/yBmmUJgc6g
24,Amazing news! We've reached 58% of our goal to create new Bitcoin stickers.ğŸ‰ğŸ‰ğŸ‰
25,"These stickers are more than just decorations - they represent a digital revolution and spark conversations. With designs reflecting Bitcoin's facets, they're both art and a statement."
26,Sized atâ€¦ https://t.co/jn5qBC2Nxu
27,Lubka said wealthy investors and private offices have been gravitating towards #bitcoin since the downfall of Silicon Valley Bank (SVB). https://t.co/dClkEGqLF0
28,The bad news is: last June was the worst month for #Bitcoin in a decade.
29,The good news is: we're halfway to Christmas. https://t.co/dKWuVILhsH
30,#shill me your #favorite #friday #afternoon meme coins!!! 
31,#cryptogem #CryptoGems #1000xgem #1000x #btcÂ Â Â Â Â Â Â Â Â Â Â Â Â  #BitcoinÂ Â Â Â Â Â Â Â Â Â Â Â Â  #Bitcoin2023 #bitcoinmining #SHIB #SHIBARMY #dogearmy #doge #dogecoin #Ethereum #BNBÂ Â Â Â Â Â Â Â Â Â Â Â Â Â Â #NFT #news #CryptoNews #GEM #gems #ADAâ€¦ https://t.co/yTf1y3yOBp
32,NEW: ğŸ‡ºğŸ‡¸ Institutions Are Committing To Bitcoin During A Bear Market - ARK Invest https://t.co/2wRoNtPM55
33,ğŸš¨ Two Centuries of Debt in 27 Months ğŸ˜±ğŸ‘€ https://t.co/DbWEkn3XR0
34,BREAKING: @banditsbtc RELEASES APP THAT ALLOWS DEGENS TO BURN THEIR CURRENT NFTS ON @solana (AND OTHER CHAINS) AND INSCRIBE THEM ON @Bitcoin ORDINALS AS DIGITAL ARTIFACTS https://t.co/6cgOTSraH5
35,"Elon Musk is accused of inflating the price of #DOGE by 30% when he changed Twitter's blue bird logo ""to the #Dogecoin Shiba Inu logo."" https://t.co/pIbHl5hELz"
36,â˜•ï¸ Largest Russian Bank Sberbank Opens Developer Access to in-House Defi Platform #bitcoin https://t.co/Vvd0E7C2oJ
37,"On Thursday, Circle revealed that #USDC will make its debut on Ethereum's L2 scaling network, #Arbitrum. https://t.co/Ws5oYqpmIY"
38,Crypto News D2 06/02/23   
39,$BTC 27110 / $ETH 1891
40,@CryptoNewsD2
41,@D2TradeCoin
42,"Bitcoin Poised for â€˜Bonkersâ€™ Bull Run, Predicts Crypto Analyst.."
43,#CryptoNews #tradecoin #tradecoind2 #tradecoind2_vn https://t.co/kZcYm1kHjf
44,"#BTC above $27,000 on Friday, following U.S. Senate announcement. https://t.co/rw06U3Hp8D"
45,OVER Announces Plans Of Integrating Appleâ€™s Latest Products https://t.co/5qJ4DolPXL via @BTCTN #AR #Metaverse #web3
46,Exciting news!ğŸ‰
47,Get ready for the highly sought-after first edition #Bitcoin Trading Cards! Sold out on their site https://t.co/mpA92b5LVg. Hereâ€™s what you need to know:
48,1. Only 3 packs per week
49,2. Limited to 1 per order
50,3. Launch June 5th 9am PST
51,#Cypherpunk @btc_cards https://t.co/U2i9QSchjA
52,We also love Netborn! ğŸ’™ğŸ”¥
53,#cryptogem  #meme #Memes #CryptoGems #BitcoinğŸ“· #Ethereum  #NFT #news #CryptoNews #CryptoCommunity https://t.co/tIbHaj4IX9
54,"Price analysis 6/2: BTC, ETH, BNB, XRP, ADA, DOGE, MATIC, SOL, DOT, LTC | Crypto Breaking News "
55,#Cardano #cardanofeed #ADA #crypto #cardanocommunity #bitcoin #CoinMarketCap #blockchain #cryptocurrency #CardanoADA #btc $ADA
56,https://t.co/BstCPRxfQ8
57,Generational wealth starts by buying which #Crypto $_______ ? ğŸ”¥ğŸ”¥ğŸ’ğŸ’
58,#cryptogem #CryptoGems #1000xgem #1000x #btcÂ Â Â Â Â Â #shillÂ Â Â Â Â Â Â Â Â Â Â  #BitcoinÂ Â Â Â Â Â Â Â Â Â Â Â Â Â Â Â Â  #Bitcoin2023 #bitcoinmining #SHIB #SHIBARMY #dogearmy #doge #dogecoin #Ethereum #BNBÂ Â Â Â Â Â Â Â Â Â Â Â Â Â Â Â Â Â Â #NFT #newsâ€¦ https://t.co/wc1VZOsTqV
59,Crypto News D2 06/02/23  
60,$BTC 26820 / $ETH 1868
61,@CryptoNewsD2
62,@D2TradeCoin 
63,"Bitcoin dips under US$27,000, Ether falls, Litecoin leads winners, U.S. equities bounce back.."
64,#CryptoNews #tradecoin #tradecoind2 #tradecoind2_vn #BTCğŸ“· https://t.co/aZbUAqA5Yt
65,"10 years ago, Edward Snowden uses Bitcoin to pay for servers that would host 200,000 documents exposing a vast, illegal NSA spying campaign ğŸ˜±ğŸš¨ https://t.co/fYVfF7mesS"
66,"DID YOU KNOW: From a 4,500 EUR wage, Germans receive only 1181 EUR after taxğŸ˜®ğŸ‘€ https://t.co/WcIl4i9aUd"
67,CRYPTO MEME: The government banning #Bitcoin https://t.co/jx1vP2u2Sl
68,Which #Crypto do you suggest buy next? $______ #shill meğŸš€ğŸ’ğŸ”¥ğŸ”¥
69,#cryptogem #CryptoGems #1000xgem #1000x #btcÂ Â Â Â Â Â Â Â #shillÂ Â Â Â Â Â Â Â Â Â Â  #BitcoinÂ Â Â Â Â Â Â Â Â Â Â Â Â Â Â Â Â Â Â  #Bitcoin2023 #bitcoinmining #SHIB #SHIBARMY #dogearmy #doge #dogecoin #Ethereum #BNBÂ Â Â Â Â Â Â Â Â Â Â Â Â Â Â Â Â Â Â Â Â #NFT #newsâ€¦ https://t.co/LStA4Z2XSv
70,Whatâ€™s the next big trend in #crypto?
71,ğŸš€ğŸ’ğŸ”¥ğŸ”¥ğŸ”¥ğŸ”¥ğŸ’
72,#cryptogem #CryptoGems #1000xgem #1000x #btcÂ Â Â Â Â Â Â Â Â #shillÂ Â Â Â Â Â Â Â Â Â Â  #BitcoinÂ Â Â Â Â Â Â Â Â Â Â Â Â Â Â Â Â Â Â Â  #Bitcoin2023 #bitcoinmining #SHIB #SHIBARMY #dogearmy #doge #dogecoin #Ethereum #BNBÂ Â Â Â Â Â Â Â Â Â Â Â Â Â Â Â Â Â Â Â Â Â #NFT #newsâ€¦ https://t.co/iUAK88lze0
73,"Russiaâ€™s #miners mint #cryptocurrency for $700 million a year, #fintech executive says. https://t.co/yjFceNkCaU"
74,The Texas House of Representatives has passed a billÂ saying that all crypto exchangesÂ and related platforms must provide proof of reserves. https://t.co/Kus2virYpL
75,"KuCoin Listed VOLT Token on Its Top-Tier Exchange, Revolutionizing the Global Voltage https://t.co/SKiboAz68d"
76,#shill me your #top100 #Crypto picks for this #week ! 
77,#cryptogem #CryptoGems #1000xgem #1000x #btcÂ Â Â Â Â Â Â Â Â Â Â Â Â Â Â Â Â Â Â Â  #BitcoinÂ Â Â Â Â Â Â Â Â Â Â Â Â Â Â Â Â Â Â Â  #Bitcoin2023 #bitcoinmining #SHIB #SHIBARMY #dogearmy #doge #dogecoin #Ethereum #BNBÂ Â Â Â Â Â Â Â Â Â Â Â Â Â Â Â Â Â Â Â Â Â #NFT #news #CryptoNewsâ€¦ https://t.co/gqCGURoEY6
78,"#Changpeng Zhao informed that layoffs in #Binance were nothing new, clarifying that the exchnage had a 'bottom out' policy that laid off employees qualified as ""not strong fits"" for the company. https://t.co/dwLJCRBbid"
79,Largest Russian Bank Sberbank Opens Developer Access to in-House #Defi Platform https://t.co/HRWvU2kdSH
80,"â˜•ï¸ Russian Miners Mint Crypto Worth $700 Million a Year, Mining Bill Postponed #bitcoin https://t.co/m5TjJyofKy"
81,"#Sberbank, one of the leading financial institutions in #Russia, has announced that it will be opening developer access for its in-house built decentralized finance solution, called #Comunity. https://t.co/OKDG9cV0A1"
82,ğŸŸ§ $2009 rank#15 on @unisat_wallet  104%+ğŸš€
83,ğŸ”¶ $2009 is a special #BRC20 which is deployed on a 2009 sat!
84,ğŸŸ  @Ordinal_News just announced the new #Bitcoin #OrdinalsNFT 'gmOrdinals' collection where only $2009 hodlers will be eligible to participate to the FREE MINT! #brc20coins https://t.co/hujabs2TgK
85,Businesses urge #Russian President #Putin to help legalize cross-border #crypto payments. https://t.co/CeqH9H9tBY
86,"If you're wondering why there's constant large deposits &amp; dumping on Bitcoin / Ethereum, read this;"
87,"After the mining ban in China, the USA has taken the crown for the cryptocurrency mining industry."
88,"All was well until the recent regulatory crackdown. In recent news, Democratsâ€¦ https://t.co/38davg4MTF"
89,"Secret Skellies Society has announced the launch of Bitcoin Skellies, an exclusive of 444 Animated Skellies on June 11th. "
90,The Initial holder burn phase burnt 510 Sol Skellies! @SecretSkellies https://t.co/uB9rwH7Ocd
91,The number of #Bitcoin transactions has hit an All-Time high new record ğŸš€ https://t.co/ZjtMrW3x8O
92,Which #Crypto is the next big project? $______ #shill meğŸš€ğŸ’ğŸ”¥ğŸ”¥
93,#cryptogem #CryptoGems #1000xgem #1000x #btcÂ Â Â Â Â Â Â Â #shillÂ Â Â Â Â Â Â Â Â Â Â  #BitcoinÂ Â Â Â Â Â Â Â Â Â Â Â Â Â Â Â Â Â Â  #Bitcoin2023 #bitcoinmining #SHIB #SHIBARMY #dogearmy #doge #dogecoin #Ethereum #BNBÂ Â Â Â Â Â Â Â Â Â Â Â Â Â Â Â Â Â Â Â Â #NFT #newsâ€¦ https://t.co/7MkPHZ2Zi1
94,ICYMI: @assetdash NOW SUPPORTS @Bitcoin ORDINALS - ALLOWING DEGENS TO TRACK THEIR ORDINALS PORTFOLIO https://t.co/Eps51IeNzG
95,"#ElonMusk has warned that the commercial #realestate market is â€œmelting down fast,â€ predicting that home values will be next. https://t.co/WqStecICrc"
96,"Our discussions covered bilateral matters, BRICS, G20, and SCO, said India's external affairs minister. #dedollarization https://t.co/CPTwfFhu41"
97,#shill me your #favorite #fridaymorning meme coins!!! 
98,#cryptogem #CryptoGems #1000xgem #1000x #btcÂ Â Â Â Â Â Â Â Â Â Â Â  #BitcoinÂ Â Â Â Â Â Â Â Â Â Â Â  #Bitcoin2023 #bitcoinmining #SHIB #SHIBARMY #dogearmy #doge #dogecoin #Ethereum #BNBÂ Â Â Â Â Â Â Â Â Â Â Â Â Â #NFT #news #CryptoNews #GEM #gems #ADA #Rippleâ€¦ https://t.co/imogvtx6jh
99,"#ADA Gains 3.5% Friday, #BTC, #ETH Also Up â€” Daily Price Update 6.2.23 https://t.co/bBd2fmaH5I"
100,"Indian and Russian foreign ministers discussed cooperation within the #BRICS, #G20, and the #SCO ahead of the BRICS leaders' summit. #dedollarization https://t.co/CPTwfFhu41"
101,"Binance CEO @cz_binance addresses rumors of layoffs, dismissing them as another instance of fear, uncertainty, and doubt (FUD) in the crypto industry."
102,#Binance #CryptoNews #FUD
103,Full article ğŸ‘‡
104,https://t.co/4b6r8del7o
105,"I donâ€™t know how or why, but I just hit 5000 followers!ğŸ¤¯"
106,Thank you all so much for following me on my #Bitcoin Ordinals journey! I will do my best to hook you up with the latest news and developments in this spaceğŸŸ§ğŸŸ§ğŸŸ§
107,Happy to give away 10x $OXGM mint WL amongst retweets!ğŸ” https://t.co/pWIQ1ICRLe
108,"Zhao also remarked that #Binance keeps hiring. The Binance careers portal, which lists the job openings at the company, has more than 300 positions open in different areas of work. https://t.co/dwLJCRBbid"
109,Which #Crypto do you suggest buy next? $______ #shill meğŸš€ğŸ’ğŸ”¥ğŸ”¥
110,#cryptogem #CryptoGems #1000xgem #1000x #btcÂ Â Â Â Â Â Â Â #shillÂ Â Â Â Â Â Â Â Â Â Â  #BitcoinÂ Â Â Â Â Â Â Â Â Â Â Â Â Â Â Â Â Â Â  #Bitcoin2023 #bitcoinmining #SHIB #SHIBARMY #dogearmy #doge #dogecoin #Ethereum #BNBÂ Â Â Â Â Â Â Â Â Â Â Â Â Â Â Â Â Â Â Â Â #NFT #newsâ€¦ https://t.co/VBZOym0PAm
111,"ğŸ» ""Just in - Bitcoin bounces back to $27k ahead of jobs report! Read all about it in the latest blog post on #CoinDesk. Don't miss out on this major market news. Check out the full article here: https://t.co/ivxYZeZYey #Bitcoin #marketupdate #cryptocurrency"""
112,BREAKING: Apple Customers Say Itâ€™s Hard to Get Money Out of Goldman Sachs Savings Accounts.
113,#Bitcoin fixes this.  https://t.co/8H9Kl9NtRx
114,#shill me the next #Crypto to skyrocket to #moon !!! $_____???ğŸ”¥ğŸ”¥ğŸ”¥ğŸš€ğŸ’
115,#cryptogem #CryptoGems #1000xgem #1000x #btcÂ Â Â Â Â Â Â Â Â Â Â Â Â Â Â Â  #BitcoinÂ Â Â Â Â Â Â Â Â Â Â Â Â Â Â Â  #Bitcoin2023 #bitcoinmining #SHIB #SHIBARMY #dogearmy #doge #dogecoin #Ethereum #BNBÂ Â Â Â Â Â Â Â Â Â Â Â Â Â Â Â Â Â #NFT #newsâ€¦ https://t.co/j5L2Yw2XXu
116,"The #nationaldebt will spiral out of control, with a sovereign debt and #dollarcrisis all but guaranteed, said Peter Schiff. #debtcrisis #crisis $USD https://t.co/uodjNF3vvv"
117,ğŸ§µ1) Trust in #bitcoin is growing âš ï¸
118,In the past 48 hours a series of fortunate #btc events have caused the general public to increase their trust in the Bitcoin network
119,Here's a brief overview of the bullish news that caused the price of BTC to reach $27.000 on June 2d https://t.co/vuRMV7oWEn
120,Russian #crypto #mining bill delayed again due to concerns of #law enforcement agencies. https://t.co/yjFceNkCaU
121,"$FLOKI now usable on #AliExpress; $SHIB, $BTC, $ETH can be used to buy #Nike, #Apple via https://t.co/xiXY3YpXLP; 1 billion $XRP unlocked from escrow: crypto news digest by https://t.co/jsqU2ZIkVi #FLOKI #ShibaInu #SHIB #Bitcoin #BTC #ETH #XRP #XRPArmy"
122,https://t.co/LGvQBLtNMG
123,ä»¿æ•ˆ BRC-20ï¼Œè™Ÿç¨±ã€Œæ›´å…¬å¹³çš„ #ERC20ã€çš„ FERC-20 å·²å®Œæˆé‘„é€ ï¼Œå…¶ä¸­ $ferc å‡è¶…é 50 å€ã€‚
124,#DEX #DeFi #ETH #BTC #Bitcoin #News #Crypto2023 #eth
125,https://t.co/LAXOpXrRPx
126,"#Bitcoin Point of Sales machines being deployed in Praia, ğŸ‡§ğŸ‡· Brazilâ€™s very own #Bitcoin Beach ğŸ™Œ"
127,#bitcoinnews https://t.co/LJtIg6rm6R
128,#shill me the next #Crypto to skyrocket to #Mars !!! $_____???ğŸ”¥ğŸ”¥ğŸ”¥ğŸš€ğŸ’
129,#cryptogem #CryptoGems #1000xgem #1000x #btcÂ Â Â Â Â Â Â Â Â Â Â Â Â Â Â Â  #BitcoinÂ Â Â Â Â Â Â Â Â Â Â Â Â Â Â Â  #Bitcoin2023 #bitcoinmining #SHIB #SHIBARMY #dogearmy #doge #dogecoin #Ethereum #BNBÂ Â Â Â Â Â Â Â Â Â Â Â Â Â Â Â Â Â #NFT #newsâ€¦ https://t.co/Msvj2naUiy
130,The central bank also reminded foreign currency dealers to only trade with licensed international foreign currency brokers. #foreignexchange #brokers #financialstability https://t.co/o5V4W7LxY2
131,Russian #crypto #mining bill delayed again due to concerns of #law enforcement agencies. https://t.co/9cLVfmjBty
132,BRAKING NEWS https://t.co/b3esNCbQb2
133,BREAKING: @ABC123Community ANNOUNCES THAT THE WARP TO @Bitcoin ORDINALS IS NOW OPEN https://t.co/wz0XltpSRB
134,"The publicâ€™s not getting the truth, theyâ€™re getting the truth of what the government says. "
135,"In order to move us in the right direction of education, the mainstream news needs to start learning about #bitcoin  and being more fair , and not just showing the negative side effects -â€¦"
136,A press release is going out Monday with news about a new 421 MW #Bitcoin mining project starting up in #ElSalvador
137,"NEW: ğŸ‡®ğŸ‡· Iranian Parliament Warns Central Bank Of Iran: CBDC Project Unlawful And Unconstitutional, Must Be Halted"
138,https://t.co/TJffxvBRka
139,NEWS: Bitcoin holds on to $27K as market digests Mayâ€™s jobs report and a debt ceiling deal
140,https://t.co/DM3wFK4X4z
141,OVER @OVRtheReality Announces Plans Of Integrating Appleâ€™s Latest Products https://t.co/V4GEUKSx6z #AR #WWDC2023 #OVR #Apple
142,"ğŸš€ Exciting news! ğŸ“ˆ yPredict ($YPRED) soars higher, raising nearly $2 million. ğŸ™Œ"
143,"Amidst Bitcoin and Ethereum's price movements, investors are turning to yPredict on Polygon for risk hedging. ğŸ“Š"
144,yPredict is the world's first all-in-one AI-powered analytics platform forâ€¦ https://t.co/CHgD7rH4oj
145,"The now-defunct, once #crypto friendly #SilvergateBank has been given a ten-day deadline to submit a plan outlining its self-liquidation procedure. https://t.co/F146UZctRf"
146,Top hot crypto news from Wollito
147,#cryptonews #bitcoin #crypto https://t.co/RVNVp0OYXP
148,"$GM, how are yall doing? ğŸ¤Ÿ "
149,"Good news is coming. Stay tuned, our beloved New Bitcoiners! ğŸ˜Œ https://t.co/1OgonDNebn"
150,"JUST IN: Exactly on this day Ed Snowden marked the 10th anniversary of exposing a vast, illegal NSA spying campaign by paying for servers using #Bitcoin to host 200,000 classified documents. https://t.co/6nlcISxJmk"
151,#Tesla CEO Elon Musk says commercial #realestate is â€œmelting down fast.â€ The billionaire expects home values to fall next. https://t.co/WqStecICrc
152,"ğŸš€This is just a sneak peek of my new collection, you won't want to miss it! Coming soon for all of you!"
153,"Now, tell me... What products would you like to see in my store?ğŸŒŸ #news #shop #Bitcoin https://t.co/26uTmBCy12"
154,"Peter Schiff says that ""BTC will ultimately succeed in making fiat currencies look good."""
155,"If you understand this, you understand why the enemy of the people (fake news) pushes BTC as exciting new tech."
156,It's just a straw man to make Bitcoin (not BTC) look bad.
157,Bitcoin in itsâ€¦
158,1/8 Exciting news! ğŸš€ Elephant Token has seen an 8% increase in just six days. 
159,This project is making waves in the crypto world. Check this thread ğŸ‘‡ğŸ‘‡
160,#ElephantMoney #CryptoTwitter #bscgem 
161,Full article: https://t.co/2e3yXXZcH0
162,AmazeWallet continues to explode! - Testnet miners are up over 3000% 
163,https://t.co/kB4Rz51Po6
164,"The Nigerian central bank said the report also exposes the authorsâ€™ ""potentially willful ignorance"" of how the Nigerian foreign exchange market works. #naira #Devaluation #ExchangeRate https://t.co/nH9YHYNAUq"
165,"Indian and Russian Foreign Ministers Discuss Cooperation in BRICS, G20, SCO https://t.co/dEgulyDOJE"
166,Louisiana Senator Compares Modern Banks to â€˜Sophisticated Ponzi Schemesâ€™ https://t.co/0N8AmJwHIv #CurrencyTimes #Bitcoin #Solana #AVAX #nft #NFTart #Metaverse #Nfts
167,"#ADA gains for the first time this week, following better than expected payrolls report. https://t.co/ehppo54OTu"
168,"ğŸ¥© Imagine staking, but on #bitcoin."
169,@okx is proposing a new BRC-30 standard to introduce a staking mechanism for Bitcoin and BRC-20 tokens.
170,See for yourself:  https://t.co/sflff1fU9G https://t.co/3le1YxvAWZ
171,"According to #RocketPool, users will soon have the ability to liquid stake their #ETH using the Layer 2 (L2) #Zksync Era network. https://t.co/9D09z990m9"
172,ğŸš€ Exciting news! ğŸ‰
173,We just dropped our whitepaper unveiling our revolutionary BRC-20 Free Mint Token and mind-blowing Bitcoin NFTs!
174,https://t.co/xUErvODGuy
175," ğŸ’ğŸ”—Get ready for a game-changing fusion of #BRC20s and art, opening up endless possibilities in the world of DeFi! https://t.co/pzHJBpgTg8"
176,ğŸ“Œ Institutional-sized #Bitcoin and @Ethereum futures contracts launching on @Coinbase Derivatives Exchange
177,ğŸ“Œ The Coinbase Bitcoin (#BTI) and Coinbase Ether (#ETI) futures contracts will be accessible through leading third-party institutional futures commission merchants (FCMs)â€¦ https://t.co/QDpNebnUo6
178,Happy 2 years #saitama #SaitaPro #saitarealty #Saitama #saitarealty #saitapro #MaziMatic #xrp #xlm #shib #Ethereum #bitcoinâ€¯â€¯â€¯ #pepe #meme #realestateinvesting #news  #houbi #hotbit #binanceâ€¯â€¯â€¯ #Coinbase #Decentralization #next #SaitaLogistics #SaitaCard #BullMarketâ€¦ https://t.co/Za12lCgNfr
179,USDC Goes L2: Circle's Stablecoin to Make Its Native Debut on Arbitrum https://t.co/hGVY2bjqVd via @BTCTN
180,â˜•ï¸ USDC Goes L2: Circleâ€™s Stablecoin to Make Its Native Debut on Arbitrum #bitcoin https://t.co/gmMvr8xVVI
181,"reddit ğŸ¤–: Binance CEO CZ on Layoffs Rumors: 'Another Day, Another FUD'https://t.co/3oZi4NC0d1 https://t.co/3oZi4NC0d1"
182,Exciting news for #Bitcoin and #Ethereum traders as Coinbase Derivatives Exchange announces BTC and ETH futures contracts with institutional-sized contracts at 1 BTC and 10 ETH. #crypto #derivatives #trading
183,Binance's Web3 Reality Show 'Build The Block' Crowns zkPass as Winner
184,https://t.co/mcNK9ueZ1A
185,#metaverse #bitcoin #news $BTC $USDT $ETH
186,twitter target followers
187,Visit here- https://t.co/UXOMWRnRvY
188,#cryptogem #CryptoGems #1000xgem #1000x #btc #Bitcoin #Bitcoin2023 #bitcoinmining #SHIB #SHIBARMY #dogearmy  #Ethereum #BNB #NFT #news #CryptoNews #GEM #NFT #NFTGiveaway #CryptoGiveaway #BNBChainNFTs #BNB #BNBChain https://t.co/9gXoegH7E6
189,USDC Goes L2: Circleâ€™s Stablecoin to Make Its Native Debut on Arbitrum https://t.co/detuKz7WED
190,"$SPONGE great news,  as of this morning it appears the airdrop issue is fixed.  Points should be showing up for people now on the website. @spongeoneth "
191,#sponge #spongebob #crypto #cryptocurrency #meme #memecoin #doge #pepe #shiba #floki #patrick #squidward #bitcoin #ethereum
192,"The world is turning to cryptos, will the US stick around when opposing the future? The USA is falling! They need to get ahead! "
193,https://t.co/PoFjrgqT6l
194,"Binance CEO Changpeng Zhao on Layoffs Rumors: â€˜Another Day, Another FUDâ€™ https://t.co/Q0Jq3zWwgV"
195,JUST IN: ğŸ‡¨ğŸ‡º Cuba #Bitcoin Community Holds First BTC-Only Meetup
196,https://t.co/TwpD4InpxD
197,"Gemini and Genesis Fight Back Against SEC Lawsuit, Seek Dismissal of Allegations https://t.co/MdOkN2sJRV"
198,"On January 3, 2009, Satoshi Nakamoto mined the Genesis Block on a small server in Helsinki, Finland, and received a reward of 50 bitcoins, which marks the beginning of crypto mining. From CPU to ASIC In Satoshi Nakamoto...  https://t.co/9yWygOATJG"
199,Kermit The Coin Leaps Into the Crypto Scene With Exciting Developments https://t.co/6CqS3Pj53R via @BTCTN
200,"Binance CEO Changpeng Zhao on Layoffs Rumors: â€˜Another Day, Another FUDâ€™ #bitcoin #blockchain #crypto #cryptocurrency https://t.co/Xa9JyiW1QZ"
201,NFT Market Shows Signs of Slowdown With Declining Weekly Sales and Lower 30-Day Totals
202,https://t.co/MxBB4OHpoT
203,ğŸ¥³ Good News!!! 
204,Welcome our new Social Media Partner @TheVeteranMiner !!!
205,ğŸ”—More Information: https://t.co/Ehrpn9Z1zN
206,#MTA #Binance #Bitcoin #miners #Crypto #CryptoMining #CryptocurrencyNews #cryptocurrency #cryptomarket #bitcoinmining #BNBChain #ASIC #Asicmining #DeFi #Web3 https://t.co/KTh5yOk0Kl
207,"JUST IN: Blackrock CEO Warns of 'Drama' Over Debt Ceiling, Could #Bitcoin Benefit?"
208,https://t.co/JmjUCE8cn0
209,Arthur Hayes Pinpoints Prediction For #Bitcoin Bull Run Timing In 2023
210,#BTC #Crypto #cryptomarket
211,https://t.co/594Tj1NZPX
212,"Russiaâ€™s #miners mint #cryptocurrency for $700 million a year, #fintech executive says. https://t.co/2COhv4Pjax"
213,Nobody should suggest using a Raspberry Pi for running a Bitcoin node in 2023!!!  stacker news ~bitcoin https://t.co/BIDrnetqBK
214,ğŸŸ  $PSAT ğŸŸ 
215,ğŸŸ  @SatoshiPunksNFT $PSAT Allow List will start in ~1h. be ready!  
216,ğŸŸ  Round 3: Allow List â€“ 13:30-19:30  EST
217,ğŸŸ  Round 4: Public Round â€“ 19:30  EST
218,#Bitcoin  #OrdinalsNFT #BRC20 #brc20coins   
219,for more ğŸ‘‡
220,https://t.co/kHPAtGmr1p
221,"Japanâ€™s ANA airline launches NFT marketplace, sees future in metaverse projects"
222,https://t.co/uobUTKDwoa
223,#metaverse #bitcoin #news $BTC $ANA $NFT
224,"Compliance in Action: Understanding AML Rules for #Bitcoin, #Ethereum, and Self-Hosted Wallets in the EU #BTC #ETH "
225,https://t.co/eerAoLUson https://t.co/AicV1YwdEq
226,Report: Global Blockchain Gaming Market to Reach $300 Billion by 2030 https://t.co/T0v5sPXvw1 via @BTCTN
227,CRYPTO NEWS: https://t.co/gkhUNGCK7q Native GateToken Falls 10% As Exchange Witnesses $148M Outflow - BeInCrypto https://t.co/O4bsyUfiHV
228,"These Presales May Be Worth Millions: Ecoterra, DeeLance, And Caged Beasts"
229,https://t.co/IaOF9QylYf
230,#metaverse #bitcoin #news $BTC $USDT $ETH
231,https://t.co/hpiZ90iJID
232,ğŸš€ The Bitcoin revolution continues! 
233,Explore the top 5 NFT projects building on the Bitcoin network with their unique BRC-20 standard. 
234,"From @BitcoinFrogs to @DogePunksBTC, these collections are making waves in the NFT space. ğŸŒ "
235,#BitcoinNFTs #BRC20
236,ğŸ†•ğŸ‡­ğŸ‡° #HongKong Firm Seeks Approval For First Spot #Bitcoin ETF ; Read More â¬‡ï¸ About The Flourishing Crypto Landscape in Hong Kong âš¡ï¸
237,#hongkongcrypto #cryptocurrency #CryptoTwitter 
238,https://t.co/qvWb5L1TXK
239,EU data watchdog warns of â€˜hell on Earthâ€™ scenario for US AI companies 
240,Europe's Data Protection Supervisor predicts trouble abroad and at home for U.S. AI companies that run afoul of GDPR. 
241,             https://t.co/J8b0MywHTJ #Crypto #news #369crypto #binance #bitcoin #nft â€¦
242,Breaking crypto News:
243,Pink Moon Studios Reveals 'KMON: World of Kogaea' Pioneering a New Era in Web3 Open-World Gaming
244,https://t.co/qrEygo20UA
245,.
246,.
247,.
248,$btc $eth $sol $ada $ltc $avax $dot $matic $algo #xrp #xmr #bitcoin #ethereum #solana #monero #ca...
249,https://t.co/qrEygo20UA
250,â˜•ï¸ AI trends at all-time high on Google but Bitcoin still did it better #cryptonews #bitcoinnews https://t.co/1snpeUY4IP
251,Lula Proposes to Revitalize South America Union USAN; Reinforces Need of Shifting Away From US Dollar â€“ Economics Bitcoin News https://t.co/a0q46pm0g2
252,"#Bitcoin recaptures $27,000 following market reprieve: CryptoSlate wMarket Update https://t.co/hPZxJD5xOl"
253,Russian Businesses Ask Putin to Help Legalize #Crypto â€“ Regulation ... - #Bitcoin News https://t.co/3QlURyqPji https://t.co/AafChZicSP
254,ğŸŸ  UPCOMING DROP ğŸŸ 
255,ğŸŸ§ @OrdinalPixels - Chapter II 
256,ğŸ¤– Launchpad: @luminexio  
257,ğŸ’¸ Price: 0.000999 $BTC 
258,ğŸ—‚ï¸ Supply: 333 
259,"â° Date: June 2nd, 3:33 PM EST"
260,#Bitcoin #OrdinalsNFT #Ordinals #BRC20 
261,for more ğŸ‘‡
262,https://t.co/mVdsYjIkWr
263,Breaking crypto News:
264,"LSD Tokens Rally As Ethereum Staking Ramps Up, Here Are The Leaders"
265,https://t.co/Ghs5ScvdRO
266,.
267,.
268,.
269,$btc $eth $sol $ada $ltc $avax $dot $matic $algo #xrp #xmr #bitcoin #ethereum #solana #monero #cardano #doge
270,https://t.co/Ghs5ScvdRO
271,A New Meme Coin Innovating The Defi Space Along With Algorand &amp; Quant https://t.co/UiTHUYWIyc #news #cryptocurrency #ewallet #tutorials #skrill #astropay #bitcoin
272,"Binance CEO Changpeng Zhao on Layoffs Rumors: â€˜Another Day, Another FUDâ€™ https://t.co/HTdei9abL4"
273,WEB3 NEWS: Bitcoin Volatility Could Be Back Owing To US Jobs Report https://t.co/Q8CZ9TRET6
274,#Web3 #Crypto #BBTF #Mprotocol #Blockchain #Metaverse #NFT
275,"Regret Missing PEPE Coinâ€™s Phenomenal Surge? Don't Make the Same Mistake With The Next 10,000% Pump! You Should Read This"
276,https://t.co/yqVgtnyV3M
277,#metaverse #bitcoin #news $BTC $ETH $PEPE
278,Texas Passes New Proof of Reserves Bill for Crypto Exchanges https://t.co/zVRdeEJ1i6
279,BTC holders anticipate a bull run but these anomalies could materialize #Bitcoin #BTCTradingView #News #News1  https://t.co/BwhhWKzi1z https://t.co/50cy5q5LI5
280,Leading the AI Revolution in Web3: Orbofi AI Raises $2.8M in High-Profile Funding Round https://t.co/LZoh3Sqa7s https://t.co/MRB3VugWdG
281,Breaking crypto News:
282,"Will Worldcoin Be the Next Cryptocurrency to Explode As AI Crypto Coins yPredict, Launchpad, AiDoge Explode"
283,https://t.co/2zvk5BeMvf
284,.
285,.
286,.
287,$btc $eth $sol $ada $ltc $avax $dot $matic $algo #xrp #xmr #bitcoin #ethereum #solana ...
288,https://t.co/2zvk5BeMvf
289,#Bitcoin Emerges As Safe-Haven Asset With Correlation To Gold At 2-Year High https://t.co/OthjHQgR7L #news #cryptocurrency #ewallet #tutorials #skrill #astropay
290,Cardano DeFi activity skyrockets despite market dip; Whatâ€™s happening? https://t.co/oIfHiKZabo #news #cryptocurrency #ewallet #tutorials #skrill #astropay #bitcoin
291,Great news for Ordinals &amp; BRC20 enthusiasts! A new wallet for iOS &amp; Android is now in beta. Give it a try! ğŸ‘‰ https://t.co/83nt19L9ZP #Bitcoin #ordinals #inscriptions https://t.co/jznxz5R2B6
292,looking at #specific #usecases in the #industry and the #policy #priorities for those #Building them.
293,#Bitcoin #BTC #cryptocurrency #Crypro #regulation #legislation #law #America #Parents #Students #consumers #taxpayers #voters #USA #education #news ğŸ§ ğŸ—
294,https://t.co/1EFqpOe2Ar
295,"â˜•ï¸ Binance CEO Changpeng Zhao on Layoffs Rumors: â€˜Another Day, Another FUDâ€™ #bitcoin https://t.co/Mfv4qZsqfP"
296,"Optimism, Sui set for large token unlocks, worth a combined $650 million https://t.co/TQtKjhTRRZ https://t.co/5RUY4Q1GrM"
297,"Debt deal passes, I thought BTC would rip higher on the news."
298,https://t.co/SPLy9eV7VE
299,Have a great month everyone. BTC Predictions June 2023 https://t.co/jcD7IChtr4
300,"Binance CEO Changpeng Zhao on Layoffs Rumors: â€˜Another Day, Another FUDâ€™ #Exchanges #Binance #BinanceCEOChangpengZhao #Coinbase  https://t.co/Pc9XmRX4ji"
301,Breaking crypto News:
302,Plaintiffs in Dogecoin Lawsuit Against Musk Make Wild New Allegations
303,https://t.co/BOTfXv28Jf
304,.
305,.
306,.
307,$btc $eth $sol $ada $ltc $avax $dot $matic $algo #xrp #xmr #bitcoin #ethereum #solana #monero #cardano #doge
308,https://t.co/BOTfXv28Jf
309,"#Sberbank, one of the leading financial institutions in #Russia, has announced that it will be opening developer access for its in-house built decentralized finance solution, called #Comunity. https://t.co/hH2dc4pxcm"
310,#Bitcoin: New holdings spike; good news ahead? 
311,https://t.co/JmvEnfeAVL
312,New Pepe the Frog Meme Currency Is Exploding in Price https://t.co/0F4HHtLCLC
313,"How Bitcoin Inscriptions drove transaction volumes, fees on network #Bitcoin #BTCTradingView #News #News1  https://t.co/9Ypxf1fCFR https://t.co/TozAuqteJi"
314,I just listed Inscription #10334280 for 0.01899982 BTC ($514.65) on @ordinalswallet
315,Check it out! ğŸ‘‡
316,https://t.co/fnkCKHALkt 
317,#Ordinalswallet #ordinals #brc20 #btc #bitcoin
318,New Pepe the Frog Meme Currency Is Exploding in Price https://t.co/LSL9kPEUcA
319,Breaking crypto News:
320,Ex-Coinbase Executive and His Brother Reach Settlement With SEC on Crypto Insider-Trading Charges
321,https://t.co/stuwFoku5v
322,.
323,.
324,.
325,$btc $eth $sol $ada $ltc $avax $dot $matic $algo #xrp #xmr #bitcoin #ethereum #solana #monero #c...
326,https://t.co/stuwFoku5v
327,New Base Protocol from Coinbase Set to Go Live Later This Year
328,https://t.co/XgWmXzeofj
329,Breaking crypto News:
330,"US debt ceiling, declining trust in banks send ETH staking to record highs"
331,https://t.co/j98wdKN0wn
332,.
333,.
334,.
335,$btc $eth $sol $ada $ltc $avax $dot $matic $algo #xrp #xmr #bitcoin #ethereum #solana #monero #cardano #doge
336,https://t.co/j98wdKN0wn
337,Ede Finance made â€˜ill-advised decisionâ€™ to manipulate prices on its protocol https://t.co/kFOISLXVeF https://t.co/ZXV03hCpBX
338,"Binance CEO Changpeng Zhao on Layoffs Rumors: â€˜Another Day, Another FUDâ€™"
339,https://t.co/QTVFq58GEE
340,â˜•ï¸ Bitcoin â€˜big moveâ€™ due in July after March $30K push â€” Latest analysis #cryptonews #bitcoinnews https://t.co/N4LsIW4Jub
341,â˜•ï¸ How to access Bitcoin network data without advanced IT skills #cryptonews #bitcoinnews https://t.co/y8nJWIg4bs
342,"Breaking News: ğŸ‡ºğŸ‡¸ U.S. bank deposits witness the most significant quarterly drop on record since 1984, according to FDIC. "
343,Deposits plunged by over $472 billion between Q4 2022 and Q1 2023 
344,Back your currency with #Bitcoin 
345,#USABanking #FinancialNews #stabolution #Bitcoin https://t.co/QxlNSyYvoE
346,â˜•ï¸ Bitcoin 'big move' due in July after March $30K push â€” latest analysis #cryptonews #bitcoinnews https://t.co/N4LsIW4Jub
347,#Google news search trends for #AI are much higher than #Bitcoin and #Metaverse combined https://t.co/5ZqRuZsrxJ
348,companies seek support from Putin for crypto legalization. https://t.co/twH0ufkqKG
349,Elon Musk Faces Insider Trading Accusations in Dogecoin Lawsuit Over Twitter Logo Change #News #Allegations #ceo #ClassActionLawsuit  https://t.co/68Nos9hmzr
350,"U.S. unemployment rate comes in at 3.7%, #Bitcoin holds $27K https://t.co/InU740cgUR"
351,"ğŸ» ""Big News for #Crypto lovers! Brazil's largest #Cryptocurrency Exchange, Mercado Bitcoin, has received a license as a payment institution. Read our latest blog post to learn more about the implications of this development: https://t.co/rUVqO5xFuk #socialmedia #marketing"""
352,Bitcoin transaction fee revenue soared this month thanks to Ordinals https://t.co/0YF462Kxz7 https://t.co/ZlEVdV0kM9
353,"â˜•ï¸ Indian and Russian Foreign Ministers Discuss Cooperation in BRICS, G20, SCO #bitcoin https://t.co/CXq8VpGSI6"
354,â˜•ï¸ Bitcoin did it better: AI search interest on Google reaches fever pitch #cryptonews #bitcoinnews https://t.co/1snpeUY4IP
355,"Senator Elizabeth Warren again, expressing how little she knows about cryptocurrency, and calls for an end to â€œcrypto fundedâ€ fentanyl trade without addressing the fiat fentanyl trade. #cryptocurrency #bitcoin #fentanyl "
356,https://t.co/SOmHDDNLR9
357,USDC Goes L2: Circleâ€™s Stablecoin to Make Its Native Debut on Arbitrum #Altcoins #Arbitrum #blockchaintechnology #Circle  https://t.co/slzuqUUfZX
358,"On Friday, June 2nd, US jobs reports on the US labor market for the month... https://t.co/AaVYiZIjAu"
359,How to access Bitcoin network data without advanced IT skills [https://t.co/TaOVk5Ldrb] #web3 #blockchain #web3tests #blockchaintests
360,"- ""nobody should suggest using a Raspberry Pi for running a #bitcoin node in 2023!"" â¬"
361,https://t.co/lQhTkpkzXl
362,Access and change options by clicking on the Groot icon!
363,ğŸŒ https://t.co/bqjte1IsTS
364,.
365,#tech #TechnologyNews #Weather #WeatherUpdate #Bitcoin #Cryptos #stockmarkets #Finance #BusinessNews #WorldNews #news #fridaymorning #TechTips #businesstips #streaming #tvshow #Windows #life https://t.co/fK7eCmPm3p
366,RBI Deputy Governor Asks Banks to Gear for Blockchain Future https://t.co/6Lw3wyAu6l
367,ã€Newsã€‘Big news in the crypto world! ğŸš€ Coinbase is all set to launch Bitcoin (BTC) and Ether (ETH) futures for institutions. A game changer for crypto trading! ğŸ“ŠğŸ’¹ 
368,Read all about it here ğŸ‘‰ https://t.co/sCM2xMFngS #Coinbase #Bitcoin #Ethereum #CryptoFutures
369,Breaking crypto News:
370,Bulls Aim Big After Recent Surge Above $0.5
371,https://t.co/qC6FgPUykF
372,.
373,.
374,.
375,$btc $eth $sol $ada $ltc $avax $dot $matic $algo #xrp #xmr #bitcoin #ethereum #solana #monero #cardano #doge
376,https://t.co/qC6FgPUykF
377,What Are ORC-20 Tokens?
378,Comments: https://t.co/mc5yoZHWHs
379,Link: https://t.co/E1GdsUhHsN
380,#StackerNews is like Hacker News but it pays you #bitcoin
381,"Indian and Russian foreign ministers discussed cooperation within the #BRICS, #G20, and the #SCO ahead of the BRICS leaders' summit. #dedollarization https://t.co/FjoBJfzi7m"
382,Breaking crypto News:
383,Japanâ€™s New Stablecoin Framework Could Spur US To Act
384,https://t.co/OkQo3GrpHR
385,.
386,.
387,.
388,$btc $eth $sol $ada $ltc $avax $dot $matic $algo #xrp #xmr #bitcoin #ethereum #solana #monero #cardano #doge
389,https://t.co/OkQo3GrpHR
390,"â˜•ï¸ Bitcoin wicks down to $26.5K, but trader eyes chance for â€˜bullish surpriseâ€™ #cryptonews #bitcoinnews https://t.co/XBkQ2ZpZNi"
391,"Elon Musk Faces Insider Trading Accusations in Dogecoin Lawsuit Over Twitter Logo Change â€“ Bitcoin News https://t.co/Se4x2e3jUj June 02, 2023 at 04:58PM #CryptoCurrency #Crypto #CryptoTwitter"
392,New #nftreview #nft #votenft (My Crypto Lawyer Sec News Colombia aprueba ley para regular exchanges de bitcoin y criptomonedas) #votenft - https://t.co/m8awO6gE0n #CryptoNovedadesLegales #NewsCryptoLegal https://t.co/iCMObyoQiF
393,Good news for #Ordinals ( $ORDI) supporters: the coin will be listed on the #KuCoin market soon as well! 
394,Prepare your bag since it will undoubtedly be another great gem and investment. 
395,#Bitcoin #bitcoinnetwork #Satoshi  #crypto #listing $SAND $MDT $RLY $BAR $OCEAN $ETH $ACE
396,"Top Bitcoin and Crypto Meetups for Paris, Rated and Reviewed"
397, #Bitcoin
398,https://t.co/nayzVfc2hn
399,"Circle And Arbitrum Launch Native USDC: What You Need To Know | https://t.co/v5C6hDDSo8 Circle, a leading digital currency company, has launched a new version of its USDC stablecoin on the Arbitrum network."
400,https://t.co/3ihUTv5YCY
401,First Mover Asia: Bitcoin Has Reached 'a General Accumulation Phase': Analyst https://t.co/wBhzRjB4yl #Cryptocurrency
402,Bitcoin Price Faces Confluence of Bearish Factors And Could Decline Heavily  https://t.co/GidvxrMtjW
403,ğŸ§² Attract good fortune with the latest trend in online gambling - #CryptoLottery. Discover the Top 10 Crypto Lottery Brands in 2023 at [https://t.co/UVBRAle3Whâ€¦]. #CryptoLuck #Cryptolottery
404,#Bitcoin did it better: #AI search interest on #Google reaches fever pitch https://t.co/FPvkI8Kkw1
405,Just In:  Ethereumâ€™s Block Measurement Surges To 1-Month Excessive https://t.co/xZ2tY8Sxww #Bitcoin #Etherium #Crypto #News
406,Wow - big news. 
407,"Google opening up to the idea of blockchain, whoâ€™s next?"
408,#bitcoin 
409,https://t.co/zskE0RzX0s
410,How to access Bitcoin network data without advanced IT skills 
411,https://t.co/45eP6zHd3F
412,#NFTNews #TheNFTUnicorn #NFTs #NFT #NFTdrop #NFTCommunity
413,BTCâ€™s latest selloff may give traders every reason to accumulate becauseâ€¦ #Bitcoin #BTCTradingView #News #News1  https://t.co/bNVBAE096H https://t.co/SiDMsSE12x
414,ğŸ“£ Breaking News: TikTok Influencer Used Bitcoin to Launder $420K in COVID Relief Loans
415,#TikTok #bitcoin #AML #MoneyLaundering https://t.co/zSI2zj1qWW
416,Bitcoin &amp; Crypto Margin Trading in the USA â€“ Is Leverage Trading Legal in the US?
417, #Bitcoin
418,https://t.co/YnX9bVMZy7
419,ğŸš€ğŸ“ˆğŸ’¸ ğ—§ğ—¼ğ—½ ğŸ­ğŸ³ğŸ­ ğ—šğ—®ğ—¶ğ—»ğ—²ğ—¿ ğ—¶ğ—» ğ˜ğ—µğ—² ğ—¹ğ—®ğ˜€ğ˜ ğŸ®ğŸ°ğ—µ:
420,$POKERFI PokerFi is trading at $0.000246 and is 3.56% up in the past 24h with a market cap of N/A.
421,#PokerFi #POKERFI
422,https://t.co/L0PUSclbGq
423,OVER Announces Plans Of Integrating Appleâ€™s Latest Products â€“ Press release Bitcoin News https://t.co/7XAixCNoB4
424,#mes #SP500 #Futures #NWOG #NFT #fitness #daytrading #ROI #tradejournal #microfutures #bitcoin #orderflow #PriceAction #Forex #ICT New Video for 6.02 23 (8:30 News Catalyst)  YTD 2023 Price High Hit
425,https://t.co/trSqgI0wlP
426,Bitcoin and the Debt Ceiling: How the asset reacts to Washington
427, #Bitcoin
428,https://t.co/bdiW3GganS
429,"Rocket Pool to Integrate With Zksync Era, Offering Faster Speeds and Lower Transaction Costs #News #crypto #Bitcoin #derivativesprovider #ETH  https://t.co/uzmYq61MZ3"
430,USDC Goes L2: Circles Stablecoin to Make Its Native Debut on Arbitrum (https://t.co/t4Yl3cPum5 News): https://t.co/cdL1gLz3bC
431,"Yuan stablecoin team arrested, WeChat's new Bitcoin prices, HK crypto rules: Asia Express https://t.co/OyjIg5iAut #Cryptocurrency"
432,Bitcoin mining firms keep building despite BTC mining profitability slump - https://t.co/6OsGCrxyqH
433,"National Bank of Georgia Enhances Sanction Monitoring, Includes Virtual Asset Service Providers #CryptoNews #Asset #Bank #Bitcoin  https://t.co/Fq6wPqFZBr"
434,Bitcoin mining difficulty hits record high; Hereâ€™s what it means [https://t.co/WKdINRuWkY] #web3 #blockchain #web3tests #blockchaintests
435,OKX Proposes Industry-First BRC-30 #Token Standard to Enable #Bitcoin and BRC-20 #Token #staking https://t.co/I6GGOVcGQW
436,"(Kitco News) - While crypto holders view the market bounce in 2023 as a sign that the worst is over, Mike McGlone disagrees with that sentiment and says there is more downside risk ahead.https://t.co/O9oLeaH7Bx"
437,"[PODCAST] 'Over the last month or so we have been sitting in the $26 000, $27 000 range with a lot of sideways action,' said Christo de Wit, @LunoGlobal's country manager on #MoneywebNow with @SimonPB."
438,Download the podcast below.
439,#Moneyweb #Bitcoin 
440,https://t.co/zjRbPvyNka
441,"Breaking news, #Cleanspark just went on a $40.5 million shopping spree for 12,500 #Bitcoin miners! They're about to increase their hashrate like no other. Read all about it at https://t.co/oq7LibU8VD #Cryptocurrency #Mining #BitcoinMining #CryptoNews"
442,"Zhao also remarked that #Binance keeps hiring. The Binance careers portal, which lists the job openings at the company, has more than 300 positions open in different areas of work. https://t.co/wcId14Oyl4 (via Twitter https://t.co/SKZlwGF44S)"
443,ğŸ”¥ Surveys and offer walls enthusiast? Try FireFaucet! ğŸ’°
444,"Auto-claim multiple cryptocurrencies by completing tasks and surveys. Sign up, start earning, and watch your Auto Claim Points multiply! ğŸ’¸"
445,Start here: https://t.co/lbSdyw7M3V
446,#FreeCrypto #Bitcoin #Surveys #OfferWalls
447,AI trends at all-time high on Google but Bitcoin still did it better 
448,https://t.co/UOTaUACMDL
449,#NFTNews #TheNFTUnicorn #NFTs #NFT #NFTdrop #NFTCommunity
450,"[POLL] @SimonPB is chatting with Christo de Wit from @LunoGlobal as #Bitcoin is quietly having a great year, up Â±88%."
451,Are you holding crypto?
452,#MoneywebNOW
453,Livestream the #podcast: https://t.co/IDPV2JXmxi
454,Public #Bitcoin Miner SATO Technologies Corp. Releases May 2023 #Bitcoin Mining Operational Update and Provides Updates for AI and HPC Deployments #CryptoCurrencyNews #NewsfileCorp  https://t.co/4Q2xpxzVJD
455,#Bitcoin #Mining firms keep building despite #BTC #Mining profitability slump https://t.co/XUVc4EPNgc
456,"ğŸ» ""Attention all #crypto enthusiasts! Exciting news about @HuobiGlobal- they could be receiving a Hong Kong license in 6-12 months according to Justin Sun on @CoinDeskTV. Find out more in this must-read blog post: https://t.co/IuVm3OMuVH #cryptonews #bitcoin"""
457,Coinbase: Institutional-sized bitcoin and ether futures contracts launching on Coinbase derivatives exchange
458,#AInvest #Ainvest_Wire #precious #price #Equity
459,View more: https://t.co/RoG3eime4L
460,"CleanSpark Acquires 12,500 Antminer S19 XP Bitcoin Miners #NEWS  https://t.co/qx5LwcPTvy"
461,ğŸ”¥ Enjoy surveys? Try FireFaucet! ğŸ’°
462,"Earn crypto by completing tasks and surveys. More tasks, more Auto Claim Points, more crypto! ğŸ’¸"
463,Start here: https://t.co/lbSdyw7M3V
464,#FireFaucet #FreeCrypto #Bitcoin #Surveys
465,"Hey crypto fans! ğŸš€ Binanceâ€™s CEO has some words on the recent layoffs rumors. Turns out, they were just another attempt at spreading FUD! Changpeng Zhao explained the situation in detail â€“ read all about it here: https://t.co/JtUBZxBjRr #Binance #Cryptocurrency #FUD #Bitcoin"
466,"Debt ceiling bill approved and #Bitcoin rises above $27,000, while #Ethereum approaches $1,900. Read the latest crypto technical analysis on https://t.co/t4Yl3cPum5 News and find out what's next for #BTC and #ETH! ğŸ’°ğŸ“ˆğŸš€ Check it out here: https://t.co/enj57Md5Lr"
467,TFTC: Balaji Srinivasan | Fiat Crisis
468,Comments: https://t.co/Do1Z6Nbakq
469,Link: https://t.co/Z5AVyT0Z9R
470,#StackerNews is like Hacker News but it pays you #bitcoin
471,Bitcoin mining firms keep building despite BTC mining profitability slump 
472,https://t.co/90phdAut35
473,#NFTNews #TheNFTUnicorn #NFTs #NFT #NFTdrop #NFTCommunity
474,#Bitcasino 
475,"Bonus, investment, free spins!  ğŸ¤‘"
476,Register for amazing rewards!  ğŸ¤ 
477,Click the link below!  ğŸ”—
478,Bitcasino Register: https://t.co/wSQF5cGQCI
479,How Voltage uses Google Cloud to scale its Bitcoin Lightning - Google Cloud Blog
480,Comments: https://t.co/kgA8rqFQik
481,Link: https://t.co/GXiGCQUE44
482,#StackerNews is like Hack
483,Breaking News: Elon Musk accused of insider trading in Dogecoin lawsuit over Twitter logo change! Was it just harmless tweeting or something more? Read more about the ongoing legal battle here: https://t.co/sfCQqzeWgV #ElonMusk #Dogecoin #InsiderTrading #LegalBattle
484,#wolf.bet
485,"Unbeatable bonuses, investments, free spins!ğŸ¤¯ Register now!"
486,https://t.co/AxObOPwMze Register: https://t.co/wEMuHvrQHm
487,#TrustDice
488,"Bonus, investment &amp; free spins rates. ğŸ¤‘"
489,Register on our site &amp; click the link below! ğŸ”—
490,Play now to win big! ğŸ°
491,TrustDice Register: https://t.co/HlNYXzru1B
492,#Crypto #News: Bitcoin Price Faces Confluence of Bearish Factors And Could Decline Heavily
493,https://t.co/R3mdaozflM
494,CD104: Bitcoin 2023 Debrief with CK | Citadel Dispatch ğŸ“º
495,Comments: https://t.co/QQU658Cfy0
496,Link: https://t.co/TxLuqU7VUv
497,#StackerNews is like Hacker News but it pays you #bitcoin
498,"CleanSpark is making big moves in the Bitcoin mining industry! With the purchase of 12,500 Antminer S19 XP units, their total hashrate now reaches a massive 1.76 EH/s. #CleanSpark #BitcoinMining https://t.co/IgrZzT1E3m via @Bitminer_News"
499,Crypto #News: #Bitcoin Millionaire Founder Found #Dead After He Was Reported Missing 
500,https://t.co/kZW0eIMc6z
501,#wolf.bet 
502,"Unlock bonuses, investment &amp; free spins rates!  ğŸ¤© "
503,Register on our site &amp; click the link below!  ğŸ”—
504,https://t.co/qM0iWUPcNF Register: https://t.co/2HQHrvVVG6
505,Just In:  How manufacturers can reinvent loyalty with embedded finance https://t.co/vIMvJ1a4b9 #Bitcoin #Etherium #Crypto #News
506,Risks and Benefits of Hard Wallet Devices feat. NVK | Coin Stories ğŸ“º
507,Comments: https://t.co/JCUJliGGNP
508,Link: https://t.co/0N2SLHCGFq
509,#StackerNews is like Hacker News but it pays you #bitcoin
510,"After Bitcoinâ€™s First Monthly Decline of 2023, These Are the 3 Key Support Levels "
511,https://t.co/zqkO5Fjurf
512,#NFTNews #TheNFTUnicorn #NFTs #NFT #NFTdrop #NFTCommunity
513,First Mover Asia: Bitcoin Has Reached 'a General Accumulation Phase': Analyst #Markets #news #AsiaPacific #Bitcoin  https://t.co/8uJzL5sfrB
514,Just In:  Coinbase Launches New Promoting Marketing campaign To Spotlight Significance of Cryptocurrency within the US https://t.co/NU73Jvsmyb #Bitcoin #Etherium #Crypto #News
515,#NFT #Bitcoin #Blockchain: Magic Eden Ranks Top 5 NFT Collections on Bitcoin Blockchain - Report by https://t.co/TfcBm3Ib8z https://t.co/2rBYm1CHdU
516,ğŸ“° First Mover Asia: Bitcoin Has Reached 'a General Accumulation Phase': Analyst 
517,Powered by https://t.co/PtyRcaV0eT
518,https://t.co/s4zRMYU1Jt
519,"ã€Newsã€‘Bitcoin miners keep the faith ğŸ™Œâ›ï¸ Despite a slump in profitability, mining firms continue to build and invest. A testament to the resilience of crypto! ğŸš€ğŸ’ª "
520,Check out the story here ğŸ‘‰ https://t.co/ZCikdROpRr #BitcoinMining #CryptoNews #Resilience
521,#TrustDice
522,"Get up to 100% bonus, high investment returns &amp; free spins rates with TrustDice! ğŸ¤© Register now!"
523,TrustDice Register: https://t.co/HlNYXzru1B
